-- phpMyAdmin SQL Dump
-- version 5.1.1
-- https://www.phpmyadmin.net/
--
-- Host: 127.0.0.1
-- Generation Time: May 11, 2022 at 05:42 AM
-- Server version: 10.4.20-MariaDB
-- PHP Version: 8.0.8

SET SQL_MODE = "NO_AUTO_VALUE_ON_ZERO";
START TRANSACTION;
SET time_zone = "+00:00";


/*!40101 SET @OLD_CHARACTER_SET_CLIENT=@@CHARACTER_SET_CLIENT */;
/*!40101 SET @OLD_CHARACTER_SET_RESULTS=@@CHARACTER_SET_RESULTS */;
/*!40101 SET @OLD_COLLATION_CONNECTION=@@COLLATION_CONNECTION */;
/*!40101 SET NAMES utf8mb4 */;

--
-- Database: `pessdb`
--

-- --------------------------------------------------------

--
-- Table structure for table `dispatch`
--

CREATE TABLE `dispatch` (
  `incident_id` int(11) NOT NULL,
  `patrolcar_id` varchar(10) NOT NULL,
  `time_dispatched` datetime NOT NULL,
  `time_arrived` datetime DEFAULT NULL,
  `time_completed` datetime DEFAULT NULL
) ENGINE=InnoDB DEFAULT CHARSET=utf8mb4;

--
-- Dumping data for table `dispatch`
--

INSERT INTO `dispatch` (`incident_id`, `patrolcar_id`, `time_dispatched`, `time_arrived`, `time_completed`) VALUES
(11, 'QX6666G', '2022-03-10 06:49:52', NULL, NULL),
(12, 'QX2222G', '2014-05-29 10:51:15', NULL, '2014-05-29 10:53:43'),
(13, 'QX8888T', '2022-03-10 06:49:52', NULL, NULL),
(14, 'QX4444P', '2014-05-29 11:10:57', NULL, NULL),
(15, 'QX9999H', '2022-03-10 06:49:52', NULL, NULL),
(16, 'QX1111A', '2021-05-27 14:24:42', NULL, '2022-03-10 14:08:00'),
(17, 'QX1111A', '2022-03-10 13:46:00', NULL, '2022-03-10 14:08:00');

-- --------------------------------------------------------

--
-- Table structure for table `incident`
--

CREATE TABLE `incident` (
  `incident_id` int(11) NOT NULL,
  `caller_name` varchar(30) NOT NULL,
  `phone_number` varchar(10) NOT NULL,
  `incident_type_id` varchar(3) NOT NULL,
  `incident_location` varchar(50) NOT NULL,
  `incident_desc` varchar(100) NOT NULL,
  `incident_status_id` varchar(1) NOT NULL,
  `time_called` datetime NOT NULL DEFAULT current_timestamp() ON UPDATE current_timestamp()
) ENGINE=InnoDB DEFAULT CHARSET=utf8mb4;

--
-- Dumping data for table `incident`
--

INSERT INTO `incident` (`incident_id`, `caller_name`, `phone_number`, `incident_type_id`, `incident_location`, `incident_desc`, `incident_status_id`, `time_called`) VALUES
(6, 'Peter Leow', '81234567', '010', 'Junction of North Bridge road and Middle Road', 'A bus collided with a taxi, 2 injuries', '1', '2022-03-03 13:35:42'),
(8, 'qwerty', '12345678', '030', 'cck', 'qwerty', '3', '2022-03-03 13:35:42');

-- --------------------------------------------------------

--
-- Table structure for table `incident_status`
--

CREATE TABLE `incident_status` (
  `incident_status_id` varchar(1) NOT NULL,
  `ident_status_desc` varchar(20) NOT NULL
) ENGINE=InnoDB DEFAULT CHARSET=utf8mb4;

--
-- Dumping data for table `incident_status`
--

INSERT INTO `incident_status` (`incident_status_id`, `ident_status_desc`) VALUES
('1', 'Pending'),
('2', 'Dispatched'),
('3', 'Completed'),
('4', 'Duplicate');

-- --------------------------------------------------------

--
-- Table structure for table `incident_type`
--

CREATE TABLE `incident_type` (
  `incident_type_id` varchar(3) NOT NULL,
  `incident_type_desc` varchar(20) NOT NULL
) ENGINE=InnoDB DEFAULT CHARSET=utf8mb4;

--
-- Dumping data for table `incident_type`
--

INSERT INTO `incident_type` (`incident_type_id`, `incident_type_desc`) VALUES
('010', 'FIRE'),
('020', 'RIOT'),
('030', 'BURGLARY'),
('040', 'DOMESTIC VIOLENT'),
('050', 'FALLEN TREE'),
('060', 'TRAFFIC ACCIDENT'),
('070', 'LOAN SHARK'),
('080', 'OTHERS');

-- --------------------------------------------------------

--
-- Table structure for table `patrolcar`
--

CREATE TABLE `patrolcar` (
  `patrolcar_id` varchar(10) NOT NULL,
  `patrolcar_status_id` varchar(1) NOT NULL
) ENGINE=InnoDB DEFAULT CHARSET=utf8mb4;

--
-- Dumping data for table `patrolcar`
--

INSERT INTO `patrolcar` (`patrolcar_id`, `patrolcar_status_id`) VALUES
('QX1111A', '3'),
('QX1234', '3'),
('QX4321R', '3'),
('QX4444P', '1'),
('QX45545', '1'),
('QX9999H', '1');

-- --------------------------------------------------------

--
-- Table structure for table `patrolcar_status`
--

CREATE TABLE `patrolcar_status` (
  `patrolcar_status_id` varchar(1) NOT NULL,
  `patrolcar_status_desc` varchar(20) NOT NULL
) ENGINE=InnoDB DEFAULT CHARSET=utf8mb4;

--
-- Dumping data for table `patrolcar_status`
--

INSERT INTO `patrolcar_status` (`patrolcar_status_id`, `patrolcar_status_desc`) VALUES
('1', 'Dispatched'),
('2', 'Patrol'),
('3', 'Free'),
('4', 'On-site'),
('5', 'NA');

--
-- Indexes for dumped tables
--

--
-- Indexes for table `dispatch`
--
ALTER TABLE `dispatch`
  ADD PRIMARY KEY (`incident_id`,`patrolcar_id`);

--
-- Indexes for table `incident`
--
ALTER TABLE `incident`
  ADD PRIMARY KEY (`incident_id`);

--
-- Indexes for table `incident_status`
--
ALTER TABLE `incident_status`
  ADD PRIMARY KEY (`incident_status_id`);

--
-- Indexes for table `incident_type`
--
ALTER TABLE `incident_type`
  ADD PRIMARY KEY (`incident_type_id`);

--
-- Indexes for table `patrolcar`
--
ALTER TABLE `patrolcar`
  ADD PRIMARY KEY (`patrolcar_id`);

--
-- Indexes for table `patrolcar_status`
--
ALTER TABLE `patrolcar_status`
  ADD PRIMARY KEY (`patrolcar_status_id`);

--
-- AUTO_INCREMENT for dumped tables
--

--
-- AUTO_INCREMENT for table `incident`
--
ALTER TABLE `incident`
  MODIFY `incident_id` int(11) NOT NULL AUTO_INCREMENT, AUTO_INCREMENT=9;
COMMIT;

/*!40101 SET CHARACTER_SET_CLIENT=@OLD_CHARACTER_SET_CLIENT */;
/*!40101 SET CHARACTER_SET_RESULTS=@OLD_CHARACTER_SET_RESULTS */;
/*!40101 SET COLLATION_CONNECTION=@OLD_COLLATION_CONNECTION */;
